<Schema name="MarketDataStatus">
  <Dimension name="count">
    <Hierarchy hasAll="true">
    <View alias="FACT">
        <SQL dialect="generic">
         <![CDATA[select * from MarketDataStatus]]>
        </SQL>
    </View>
      <Level name="count" uniqueMembers="false" column="count" type="Numeric">
      </Level>
    </Hierarchy>
  </Dimension>
  <Dimension name="iso">
    <Hierarchy hasAll="true">
    <View alias="FACT">
        <SQL dialect="generic">
         <![CDATA[select * from MarketDataStatus]]>
        </SQL>
    </View>
      <Level name="iso" uniqueMembers="false" column="iso" type="String">
      </Level>
    </Hierarchy>
  </Dimension>
  <Dimension name="market">
    <Hierarchy hasAll="true">
    <View alias="FACT">
        <SQL dialect="generic">
         <![CDATA[select * from MarketDataStatus]]>
        </SQL>
    </View>
      <Level name="market" uniqueMembers="false" column="market" type="String">
      </Level>
    </Hierarchy>
  </Dimension>
  <Dimension name="maxdate">
    <Hierarchy hasAll="true">
    <View alias="FACT">
        <SQL dialect="generic">
         <![CDATA[select * from MarketDataStatus]]>
        </SQL>
    </View>
      <Level name="maxdate" uniqueMembers="false" column="maxdate">
      </Level>
    </Hierarchy>
  </Dimension>
  <Dimension name="service">
    <Hierarchy hasAll="true">
    <View alias="FACT">
        <SQL dialect="generic">
         <![CDATA[select * from MarketDataStatus]]>
        </SQL>
    </View>
      <Level name="service" uniqueMembers="false" column="service" type="String">
      </Level>
    </Hierarchy>
  </Dimension>
  <Dimension name="status">
    <Hierarchy hasAll="true">
    <View alias="FACT">
        <SQL dialect="generic">
         <![CDATA[select * from MarketDataStatus]]>
        </SQL>
    </View>
      <Level name="status" uniqueMembers="false" column="status" type="String">
      </Level>
    </Hierarchy>
  </Dimension>
  <Dimension name="Url">
    <Hierarchy hasAll="true">
    <View alias="FACT">
        <SQL dialect="generic">
         <![CDATA[select * from MarketDataStatus]]>
        </SQL>
    </View>
      <Level name="Url" uniqueMembers="false" column="Url" type="String">
      </Level>
    </Hierarchy>
  </Dimension>
  <Dimension name="zone">
    <Hierarchy hasAll="true">
    <View alias="FACT">
        <SQL dialect="generic">
         <![CDATA[select * from MarketDataStatus]]>
        </SQL>
    </View>
      <Level name="zone" uniqueMembers="false" column="zone" type="String">
      </Level>
    </Hierarchy>
  </Dimension>
  <Cube name="MarketDataStatus">
    <View alias="FACT">
        <SQL dialect="generic">
         <![CDATA[select * from MarketDataStatus]]>
        </SQL>
    </View>
    <DimensionUsage name="count" source="count"/>
    <DimensionUsage name="iso" source="iso"/>
    <DimensionUsage name="market" source="market"/>
    <DimensionUsage name="maxdate" source="maxdate"/>
    <DimensionUsage name="service" source="service"/>
    <DimensionUsage name="status" source="status"/>
    <DimensionUsage name="Url" source="Url"/>
    <DimensionUsage name="zone" source="zone"/>
    <Measure name="count" column="count" aggregator="sum" formatString="&#x23;"/>
  </Cube>
</Schema>