<Schema name="JhonsonCityAvailabilityFactorChartQuery">
  <Dimension name="Availability Factor">
    <Hierarchy hasAll="true">
    <View alias="FACT">
        <SQL dialect="generic">
         <![CDATA[SELECT 
DATE(b.timestamp) AS "TIMESTAMP",
ROUND(AVG(availability_factor*100),2) AS "Availability Factor"

FROM (SELECT * FROM bi_fact_fleet_kpis WHERE bi_dim_fleet_id = 300
AND bi_dim_date_id BETWEEN 
(SELECT id FROM bi_dim_date WHERE TIMESTAMP = DATE_SUB(DATE_FORMAT(
(SELECT TIMESTAMP FROM bi_dim_date WHERE id=
(SELECT MAX(bi_dim_date_id) FROM bi_fact_fleet_kpis WHERE bi_dim_fleet_id = 300 AND market_capture IS NOT NULL))
,'%Y-%m-01 00:00:00'), INTERVAL 1 MONTH))
AND
(SELECT MAX(bi_dim_date_id) FROM bi_fact_fleet_kpis WHERE bi_dim_fleet_id = 300 AND market_capture IS NOT NULL)) a
INNER JOIN 
(SELECT * FROM bi_dim_date WHERE 
TIMESTAMP BETWEEN DATE_SUB(DATE_FORMAT(
(SELECT TIMESTAMP FROM bi_dim_date WHERE id=
(SELECT MAX(bi_dim_date_id) FROM bi_fact_fleet_kpis WHERE bi_dim_fleet_id = 300 AND market_capture IS NOT NULL)),'%Y-%m-%d 00:00:00'), INTERVAL 1 MONTH)
 AND DATE_SUB(DATE_FORMAT(
(SELECT TIMESTAMP FROM bi_dim_date WHERE id=
(SELECT MAX(bi_dim_date_id) FROM bi_fact_fleet_kpis WHERE bi_dim_fleet_id = 300 AND market_capture IS NOT NULL)),'%Y-%m-%d 23:45:00'), INTERVAL 0 MONTH)) b
 ON a.bi_dim_date_id = b.id 
GROUP BY DATE(b.timestamp)
ORDER BY  DATE(b.timestamp)

 ]]>
        </SQL>
    </View>
      <Level name="Availability Factor" uniqueMembers="false" column="Availability Factor" type="Numeric">
      </Level>
    </Hierarchy>
  </Dimension>
  <Dimension name="TIMESTAMP">
    <Hierarchy hasAll="true">
    <View alias="FACT">
        <SQL dialect="generic">
         <![CDATA[SELECT 
DATE(b.timestamp) AS "TIMESTAMP",
ROUND(AVG(availability_factor*100),2) AS "Availability Factor"

FROM (SELECT * FROM bi_fact_fleet_kpis WHERE bi_dim_fleet_id = 300
AND bi_dim_date_id BETWEEN 
(SELECT id FROM bi_dim_date WHERE TIMESTAMP = DATE_SUB(DATE_FORMAT(
(SELECT TIMESTAMP FROM bi_dim_date WHERE id=
(SELECT MAX(bi_dim_date_id) FROM bi_fact_fleet_kpis WHERE bi_dim_fleet_id = 300 AND market_capture IS NOT NULL))
,'%Y-%m-01 00:00:00'), INTERVAL 1 MONTH))
AND
(SELECT MAX(bi_dim_date_id) FROM bi_fact_fleet_kpis WHERE bi_dim_fleet_id = 300 AND market_capture IS NOT NULL)) a
INNER JOIN 
(SELECT * FROM bi_dim_date WHERE 
TIMESTAMP BETWEEN DATE_SUB(DATE_FORMAT(
(SELECT TIMESTAMP FROM bi_dim_date WHERE id=
(SELECT MAX(bi_dim_date_id) FROM bi_fact_fleet_kpis WHERE bi_dim_fleet_id = 300 AND market_capture IS NOT NULL)),'%Y-%m-%d 00:00:00'), INTERVAL 1 MONTH)
 AND DATE_SUB(DATE_FORMAT(
(SELECT TIMESTAMP FROM bi_dim_date WHERE id=
(SELECT MAX(bi_dim_date_id) FROM bi_fact_fleet_kpis WHERE bi_dim_fleet_id = 300 AND market_capture IS NOT NULL)),'%Y-%m-%d 23:45:00'), INTERVAL 0 MONTH)) b
 ON a.bi_dim_date_id = b.id 
GROUP BY DATE(b.timestamp)
ORDER BY  DATE(b.timestamp)

 ]]>
        </SQL>
    </View>
      <Level name="TIMESTAMP" uniqueMembers="false" column="TIMESTAMP">
      </Level>
    </Hierarchy>
  </Dimension>
  <Cube name="JhonsonCityAvailabilityFactorChartQuery">
    <View alias="FACT">
        <SQL dialect="generic">
         <![CDATA[SELECT 
DATE(b.timestamp) AS "TIMESTAMP",
ROUND(AVG(availability_factor*100),2) AS "Availability Factor"

FROM (SELECT * FROM bi_fact_fleet_kpis WHERE bi_dim_fleet_id = 300
AND bi_dim_date_id BETWEEN 
(SELECT id FROM bi_dim_date WHERE TIMESTAMP = DATE_SUB(DATE_FORMAT(
(SELECT TIMESTAMP FROM bi_dim_date WHERE id=
(SELECT MAX(bi_dim_date_id) FROM bi_fact_fleet_kpis WHERE bi_dim_fleet_id = 300 AND market_capture IS NOT NULL))
,'%Y-%m-01 00:00:00'), INTERVAL 1 MONTH))
AND
(SELECT MAX(bi_dim_date_id) FROM bi_fact_fleet_kpis WHERE bi_dim_fleet_id = 300 AND market_capture IS NOT NULL)) a
INNER JOIN 
(SELECT * FROM bi_dim_date WHERE 
TIMESTAMP BETWEEN DATE_SUB(DATE_FORMAT(
(SELECT TIMESTAMP FROM bi_dim_date WHERE id=
(SELECT MAX(bi_dim_date_id) FROM bi_fact_fleet_kpis WHERE bi_dim_fleet_id = 300 AND market_capture IS NOT NULL)),'%Y-%m-%d 00:00:00'), INTERVAL 1 MONTH)
 AND DATE_SUB(DATE_FORMAT(
(SELECT TIMESTAMP FROM bi_dim_date WHERE id=
(SELECT MAX(bi_dim_date_id) FROM bi_fact_fleet_kpis WHERE bi_dim_fleet_id = 300 AND market_capture IS NOT NULL)),'%Y-%m-%d 23:45:00'), INTERVAL 0 MONTH)) b
 ON a.bi_dim_date_id = b.id 
GROUP BY DATE(b.timestamp)
ORDER BY  DATE(b.timestamp)

 ]]>
        </SQL>
    </View>
    <DimensionUsage name="Availability Factor" source="Availability Factor"/>
    <DimensionUsage name="TIMESTAMP" source="TIMESTAMP"/>
    <Measure name="Availability Factor" column="Availability Factor" aggregator="sum" formatString="&#x23;"/>
  </Cube>
</Schema>