<Schema name="FleetScadaStatus">
  <Dimension name="count">
    <Hierarchy hasAll="true">
    <View alias="FACT">
        <SQL dialect="generic">
         <![CDATA[ select * from FleetScadaStatus]]>
        </SQL>
    </View>
      <Level name="count" uniqueMembers="false" column="count" type="Numeric">
      </Level>
    </Hierarchy>
  </Dimension>
  <Dimension name="Project">
    <Hierarchy hasAll="true">
    <View alias="FACT">
        <SQL dialect="generic">
         <![CDATA[ select * from FleetScadaStatus]]>
        </SQL>
    </View>
      <Level name="Project" uniqueMembers="false" column="Project" type="String">
      </Level>
    </Hierarchy>
  </Dimension>
  <Dimension name="Source">
    <Hierarchy hasAll="true">
    <View alias="FACT">
        <SQL dialect="generic">
         <![CDATA[ select * from FleetScadaStatus]]>
        </SQL>
    </View>
      <Level name="Source" uniqueMembers="false" column="Source" type="String">
      </Level>
    </Hierarchy>
  </Dimension>
  <Dimension name="Status">
    <Hierarchy hasAll="true">
    <View alias="FACT">
        <SQL dialect="generic">
         <![CDATA[ select * from FleetScadaStatus]]>
        </SQL>
    </View>
      <Level name="Status" uniqueMembers="false" column="Status" type="String">
      </Level>
    </Hierarchy>
  </Dimension>
  <Cube name="FleetScadaStatus">
    <View alias="FACT">
        <SQL dialect="generic">
         <![CDATA[ select * from FleetScadaStatus]]>
        </SQL>
    </View>
    <DimensionUsage name="count" source="count"/>
    <DimensionUsage name="Project" source="Project"/>
    <DimensionUsage name="Source" source="Source"/>
    <DimensionUsage name="Status" source="Status"/>
    <Measure name="count" column="count" aggregator="sum" formatString="&#x23;"/>
  </Cube>
</Schema>