<?xml version="1.0" encoding="UTF-8"?>
<!--===========================================================================
PENTAHO CORPORATION PROPRIETARY AND CONFIDENTIAL

Copyright 2002 - 2014 Pentaho Corporation (Pentaho). All rights reserved.

NOTICE: All information including source code contained herein is, and
remains the sole property of Pentaho and its licensors. The intellectual
and technical concepts contained herein are proprietary and confidential
to, and are trade secrets of Pentaho and may be covered by U.S. and foreign
patents, or patents in process, and are protected by trade secret and
copyright laws. The receipt or possession of this source code and/or related
information does not convey or imply any rights to reproduce, disclose or
distribute its contents, or to manufacture, use, or sell anything that it
may describe, in whole or in part. Any reproduction, modification, distribution,
or public display of this information without the express written authorization
from Pentaho is strictly prohibited and in violation of applicable laws and
international treaties. Access to the source code contained herein is strictly
prohibited to anyone except those individuals and entities who have executed
confidentiality and non-disclosure agreements or other agreements with Pentaho,
explicitly covering such access.
============================================================================-->
<Context path="/pentaho" docbase="webapps/pentaho/">

<!--
  <Resource name="jdbc/Hibernate" auth="Container" type="javax.sql.DataSource"
            factory="org.apache.commons.dbcp.BasicDataSourceFactory" maxActive="20" maxIdle="5"
            maxWait="10000" username="hibuser" password="password"
            driverClassName="org.postgresql.Driver" url="jdbc:postgresql://localhost:5432/hibernate"
            validationQuery="select 1" />

  <Resource name="jdbc/Audit" auth="Container" type="javax.sql.DataSource"
            factory="org.apache.commons.dbcp.BasicDataSourceFactory" maxActive="20" maxIdle="5"
            maxWait="10000" username="hibuser" password="password"
            driverClassName="org.postgresql.Driver" url="jdbc:postgresql://localhost:5432/hibernate"
            validationQuery="select 1" />

  <Resource name="jdbc/Quartz" auth="Container" type="javax.sql.DataSource"
            factory="org.apache.commons.dbcp.BasicDataSourceFactory" maxActive="20" maxIdle="5"
            maxWait="10000" username="pentaho_user" password="password"
            driverClassName="org.postgresql.Driver" url="jdbc:postgresql://localhost:5432/quartz"
            validationQuery="select 1"/>

  <Resource name="jdbc/PDI_Operations_Mart" auth="Container" type="javax.sql.DataSource"
            factory="org.apache.commons.dbcp.BasicDataSourceFactory" maxActive="20" maxIdle="5"
            maxWait="10000" username="hibuser" password="password"
            driverClassName="org.postgresql.Driver" url="jdbc:postgresql://localhost:5432/hibernate"
            validationQuery="select 1"/>
-->

<Resource validationQuery="select 1" url="jdbc:mysql://localhost:3306/hibernate"
 driverClassName="com.mysql.jdbc.Driver" password="admin@321" username="root"
 maxWait="10000" maxIdle="5" maxActive="20" 
 factory="org.apache.commons.dbcp.BasicDataSourceFactory" 
 type="javax.sql.DataSource" auth="Container" name="jdbc/Hibernate"/>
 
<Resource validationQuery="select 1" url="jdbc:mysql://localhost:3306/hibernate"
 driverClassName="com.mysql.jdbc.Driver" password="admin@321" username="root"
 maxWait="10000" maxIdle="5" maxActive="20" 
 factory="org.apache.commons.dbcp.BasicDataSourceFactory" 
 type="javax.sql.DataSource" auth="Container" name="jdbc/Audit"/>
 
<Resource validationQuery="select 1" url="jdbc:mysql://localhost:3306/quartz"
 driverClassName="com.mysql.jdbc.Driver" password="admin@321" username="root"
 maxWait="10000" maxIdle="5" maxActive="20" 
 factory="org.apache.commons.dbcp.BasicDataSourceFactory" ;
 type="javax.sql.DataSource" auth="Container" name="jdbc/Quartz"/>
 
<Resource validationQuery="select 1" url="jdbc:mysql://localhost:3306/pentaho_operations_mart"
 driverClassName="com.mysql.jdbc.Driver" password="admin@321" username="root"
 maxWait="10000" maxIdle="5" maxActive="20" 
 factory="org.apache.commons.dbcp.BasicDataSourceFactory" 
 type="javax.sql.DataSource" auth="Container" name="jdbc/pentaho_operations_mart"/>
 
<Resource validationQuery="select 1" url="jdbc:mysql://localhost:3306/pentaho_operations_mart" 
driverClassName="com.mysql.jdbc.Driver" password="admin@321" username="root" 
maxWait="10000" maxIdle="5" maxActive="20" 
factory="org.apache.commons.dbcp.BasicDataSourceFactory" 
type="javax.sql.DataSource" auth="Container" name="jdbc/PDI_Operations_Mart"/>

</Context>
