<?xml version='1.0' encoding='utf-8'?>
<!DOCTYPE hibernate-configuration
  PUBLIC "-//Hibernate/Hibernate Configuration DTD//EN"
  "http://hibernate.sourceforge.net/hibernate-configuration-3.0.dtd">
<!--===========================================================================
PENTAHO CORPORATION PROPRIETARY AND CONFIDENTIAL

Copyright 2002 - 2014 Pentaho Corporation (Pentaho). All rights reserved.

NOTICE: All information including source code contained herein is, and
remains the sole property of Pentaho and its licensors. The intellectual
and technical concepts contained herein are proprietary and confidential
to, and are trade secrets of Pentaho and may be covered by U.S. and foreign
patents, or patents in process, and are protected by trade secret and
copyright laws. The receipt or possession of this source code and/or related
information does not convey or imply any rights to reproduce, disclose or
distribute its contents, or to manufacture, use, or sell anything that it
may describe, in whole or in part. Any reproduction, modification, distribution,
or public display of this information without the express written authorization
from Pentaho is strictly prohibited and in violation of applicable laws and
international treaties. Access to the source code contained herein is strictly
prohibited to anyone except those individuals and entities who have executed
confidentiality and non-disclosure agreements or other agreements with Pentaho,
explicitly covering such access.
============================================================================-->
<hibernate-configuration>
  <session-factory>
  
  	<property name="cache.provider_class">net.sf.ehcache.hibernate.SingletonEhCacheProvider</property>

    <property name="hibernate.generate_statistics">true</property>
    <property name="hibernate.cache.use_query_cache">true</property>
  
    <!--  MySQL Configuration -->
    <property name="connection.driver_class">com.mysql.jdbc.Driver</property>
    <property name="connection.url">jdbc:mysql://localhost:3306/hibernate</property>
    <property name="dialect">org.hibernate.dialect.MySQL5InnoDBDialect</property>
    <property name="connection.username">root</property>
    <property name="connection.password">admin@321</property>
    <property name="connection.pool_size">10</property>
    <property name="show_sql">false</property>
    <property name="hibernate.jdbc.use_streams_for_binary">true</property>
	
  	<!-- The settings below are for c3p0; which is required to handle mysql connection close after a default of 8 hrs -->
      <property name="connection.provider_class">org.hibernate.connection.C3P0ConnectionProvider</property>
  	<property name="hibernate.c3p0.acquire_increment">3</property>
  	<property name="hibernate.c3p0.idle_test_period">14400</property>
  	<property name="hibernate.c3p0.min_size">5</property>
  	<property name="hibernate.c3p0.max_size">75</property>
  	<property name="hibernate.c3p0.max_statements">0</property>
  	<property name="hibernate.c3p0.timeout">25200</property>
  	<property name="hibernate.c3p0.preferredTestQuery">select 1</property>
  	<property name="hibernate.c3p0.testConnectionOnCheckout">true</property>  

    <!-- replaces DefinitionVersionManager -->
    <property name="hibernate.hbm2ddl.auto">update</property>
    <!-- load resource from classpath -->
    <mapping resource="hibernate/mysql5innodb.hbm.xml" />
    <!-- mapping resource above is from CE; below is from EE -->
    <mapping resource="hibernate/mysql5innodb.EE.hbm.xml" />
  </session-factory>
</hibernate-configuration>
