<Schema name="JhonsonCityGoogleDocAndScadaKPIReportQuery">
  <Dimension name="availability_factor">
    <Hierarchy hasAll="true">
    <View alias="FACT">
        <SQL dialect="generic">
         <![CDATA[SELECT 
DATE(b.timestamp) AS "TIMESTAMP",
ROUND(AVG(availability_factor*100),2) AS "availability_factor",
ROUND(AVG(planned_outage_rate*100),2)  AS "planned_outage_rate",
ROUND(AVG(unplanned_outage_rate*100),2)  AS "unplanned_outage_rate",
ROUND(AVG(market_capture*100),2)  AS "market_capture",
ROUND(SUM(energy_cost)/4,2)  AS "energy_cost",
ROUND(SUM(gross_revenue)/4,2)  AS "gross_revenue",
ROUND(SUM(energy_losses)/4,2)  AS "energy_losses",
ROUND(AVG(energy_throughput),2)  AS "energy_throyghput",
ROUND(AVG(c_rate),2)  AS "c_rate"

FROM (SELECT * FROM bi_fact_fleet_kpis WHERE bi_dim_fleet_id = 300
AND bi_dim_date_id BETWEEN 
(SELECT id FROM bi_dim_date WHERE TIMESTAMP = DATE_SUB(DATE_FORMAT(
(SELECT TIMESTAMP FROM bi_dim_date WHERE id=
(SELECT MAX(bi_dim_date_id) FROM bi_fact_fleet_kpis WHERE bi_dim_fleet_id = 300 AND market_capture IS NOT NULL))
,'%Y-%m-01 00:00:00'), INTERVAL 1 MONTH))
AND
(SELECT MAX(bi_dim_date_id) FROM bi_fact_fleet_kpis WHERE bi_dim_fleet_id = 300 AND market_capture IS NOT NULL)) a
INNER JOIN 
(SELECT * FROM bi_dim_date WHERE 
TIMESTAMP BETWEEN DATE_SUB(DATE_FORMAT(
(SELECT TIMESTAMP FROM bi_dim_date WHERE id=
(SELECT MAX(bi_dim_date_id) FROM bi_fact_fleet_kpis WHERE bi_dim_fleet_id = 300 AND market_capture IS NOT NULL)),'%Y-%m-%d 00:00:00'), INTERVAL 1 MONTH)
 AND DATE_SUB(DATE_FORMAT(
(SELECT TIMESTAMP FROM bi_dim_date WHERE id=
(SELECT MAX(bi_dim_date_id) FROM bi_fact_fleet_kpis WHERE bi_dim_fleet_id = 300 AND market_capture IS NOT NULL)),'%Y-%m-%d 23:45:00'), INTERVAL 0 MONTH)) b
 ON a.bi_dim_date_id = b.id 
GROUP BY DATE(b.timestamp)
ORDER BY  DATE(b.timestamp)

 ]]>
        </SQL>
    </View>
      <Level name="availability_factor" uniqueMembers="false" column="availability_factor" type="Numeric">
      </Level>
    </Hierarchy>
  </Dimension>
  <Dimension name="c_rate">
    <Hierarchy hasAll="true">
    <View alias="FACT">
        <SQL dialect="generic">
         <![CDATA[SELECT 
DATE(b.timestamp) AS "TIMESTAMP",
ROUND(AVG(availability_factor*100),2) AS "availability_factor",
ROUND(AVG(planned_outage_rate*100),2)  AS "planned_outage_rate",
ROUND(AVG(unplanned_outage_rate*100),2)  AS "unplanned_outage_rate",
ROUND(AVG(market_capture*100),2)  AS "market_capture",
ROUND(SUM(energy_cost)/4,2)  AS "energy_cost",
ROUND(SUM(gross_revenue)/4,2)  AS "gross_revenue",
ROUND(SUM(energy_losses)/4,2)  AS "energy_losses",
ROUND(AVG(energy_throughput),2)  AS "energy_throyghput",
ROUND(AVG(c_rate),2)  AS "c_rate"

FROM (SELECT * FROM bi_fact_fleet_kpis WHERE bi_dim_fleet_id = 300
AND bi_dim_date_id BETWEEN 
(SELECT id FROM bi_dim_date WHERE TIMESTAMP = DATE_SUB(DATE_FORMAT(
(SELECT TIMESTAMP FROM bi_dim_date WHERE id=
(SELECT MAX(bi_dim_date_id) FROM bi_fact_fleet_kpis WHERE bi_dim_fleet_id = 300 AND market_capture IS NOT NULL))
,'%Y-%m-01 00:00:00'), INTERVAL 1 MONTH))
AND
(SELECT MAX(bi_dim_date_id) FROM bi_fact_fleet_kpis WHERE bi_dim_fleet_id = 300 AND market_capture IS NOT NULL)) a
INNER JOIN 
(SELECT * FROM bi_dim_date WHERE 
TIMESTAMP BETWEEN DATE_SUB(DATE_FORMAT(
(SELECT TIMESTAMP FROM bi_dim_date WHERE id=
(SELECT MAX(bi_dim_date_id) FROM bi_fact_fleet_kpis WHERE bi_dim_fleet_id = 300 AND market_capture IS NOT NULL)),'%Y-%m-%d 00:00:00'), INTERVAL 1 MONTH)
 AND DATE_SUB(DATE_FORMAT(
(SELECT TIMESTAMP FROM bi_dim_date WHERE id=
(SELECT MAX(bi_dim_date_id) FROM bi_fact_fleet_kpis WHERE bi_dim_fleet_id = 300 AND market_capture IS NOT NULL)),'%Y-%m-%d 23:45:00'), INTERVAL 0 MONTH)) b
 ON a.bi_dim_date_id = b.id 
GROUP BY DATE(b.timestamp)
ORDER BY  DATE(b.timestamp)

 ]]>
        </SQL>
    </View>
      <Level name="c_rate" uniqueMembers="false" column="c_rate" type="Numeric">
      </Level>
    </Hierarchy>
  </Dimension>
  <Dimension name="energy_cost">
    <Hierarchy hasAll="true">
    <View alias="FACT">
        <SQL dialect="generic">
         <![CDATA[SELECT 
DATE(b.timestamp) AS "TIMESTAMP",
ROUND(AVG(availability_factor*100),2) AS "availability_factor",
ROUND(AVG(planned_outage_rate*100),2)  AS "planned_outage_rate",
ROUND(AVG(unplanned_outage_rate*100),2)  AS "unplanned_outage_rate",
ROUND(AVG(market_capture*100),2)  AS "market_capture",
ROUND(SUM(energy_cost)/4,2)  AS "energy_cost",
ROUND(SUM(gross_revenue)/4,2)  AS "gross_revenue",
ROUND(SUM(energy_losses)/4,2)  AS "energy_losses",
ROUND(AVG(energy_throughput),2)  AS "energy_throyghput",
ROUND(AVG(c_rate),2)  AS "c_rate"

FROM (SELECT * FROM bi_fact_fleet_kpis WHERE bi_dim_fleet_id = 300
AND bi_dim_date_id BETWEEN 
(SELECT id FROM bi_dim_date WHERE TIMESTAMP = DATE_SUB(DATE_FORMAT(
(SELECT TIMESTAMP FROM bi_dim_date WHERE id=
(SELECT MAX(bi_dim_date_id) FROM bi_fact_fleet_kpis WHERE bi_dim_fleet_id = 300 AND market_capture IS NOT NULL))
,'%Y-%m-01 00:00:00'), INTERVAL 1 MONTH))
AND
(SELECT MAX(bi_dim_date_id) FROM bi_fact_fleet_kpis WHERE bi_dim_fleet_id = 300 AND market_capture IS NOT NULL)) a
INNER JOIN 
(SELECT * FROM bi_dim_date WHERE 
TIMESTAMP BETWEEN DATE_SUB(DATE_FORMAT(
(SELECT TIMESTAMP FROM bi_dim_date WHERE id=
(SELECT MAX(bi_dim_date_id) FROM bi_fact_fleet_kpis WHERE bi_dim_fleet_id = 300 AND market_capture IS NOT NULL)),'%Y-%m-%d 00:00:00'), INTERVAL 1 MONTH)
 AND DATE_SUB(DATE_FORMAT(
(SELECT TIMESTAMP FROM bi_dim_date WHERE id=
(SELECT MAX(bi_dim_date_id) FROM bi_fact_fleet_kpis WHERE bi_dim_fleet_id = 300 AND market_capture IS NOT NULL)),'%Y-%m-%d 23:45:00'), INTERVAL 0 MONTH)) b
 ON a.bi_dim_date_id = b.id 
GROUP BY DATE(b.timestamp)
ORDER BY  DATE(b.timestamp)

 ]]>
        </SQL>
    </View>
      <Level name="energy_cost" uniqueMembers="false" column="energy_cost" type="Numeric">
      </Level>
    </Hierarchy>
  </Dimension>
  <Dimension name="energy_losses">
    <Hierarchy hasAll="true">
    <View alias="FACT">
        <SQL dialect="generic">
         <![CDATA[SELECT 
DATE(b.timestamp) AS "TIMESTAMP",
ROUND(AVG(availability_factor*100),2) AS "availability_factor",
ROUND(AVG(planned_outage_rate*100),2)  AS "planned_outage_rate",
ROUND(AVG(unplanned_outage_rate*100),2)  AS "unplanned_outage_rate",
ROUND(AVG(market_capture*100),2)  AS "market_capture",
ROUND(SUM(energy_cost)/4,2)  AS "energy_cost",
ROUND(SUM(gross_revenue)/4,2)  AS "gross_revenue",
ROUND(SUM(energy_losses)/4,2)  AS "energy_losses",
ROUND(AVG(energy_throughput),2)  AS "energy_throyghput",
ROUND(AVG(c_rate),2)  AS "c_rate"

FROM (SELECT * FROM bi_fact_fleet_kpis WHERE bi_dim_fleet_id = 300
AND bi_dim_date_id BETWEEN 
(SELECT id FROM bi_dim_date WHERE TIMESTAMP = DATE_SUB(DATE_FORMAT(
(SELECT TIMESTAMP FROM bi_dim_date WHERE id=
(SELECT MAX(bi_dim_date_id) FROM bi_fact_fleet_kpis WHERE bi_dim_fleet_id = 300 AND market_capture IS NOT NULL))
,'%Y-%m-01 00:00:00'), INTERVAL 1 MONTH))
AND
(SELECT MAX(bi_dim_date_id) FROM bi_fact_fleet_kpis WHERE bi_dim_fleet_id = 300 AND market_capture IS NOT NULL)) a
INNER JOIN 
(SELECT * FROM bi_dim_date WHERE 
TIMESTAMP BETWEEN DATE_SUB(DATE_FORMAT(
(SELECT TIMESTAMP FROM bi_dim_date WHERE id=
(SELECT MAX(bi_dim_date_id) FROM bi_fact_fleet_kpis WHERE bi_dim_fleet_id = 300 AND market_capture IS NOT NULL)),'%Y-%m-%d 00:00:00'), INTERVAL 1 MONTH)
 AND DATE_SUB(DATE_FORMAT(
(SELECT TIMESTAMP FROM bi_dim_date WHERE id=
(SELECT MAX(bi_dim_date_id) FROM bi_fact_fleet_kpis WHERE bi_dim_fleet_id = 300 AND market_capture IS NOT NULL)),'%Y-%m-%d 23:45:00'), INTERVAL 0 MONTH)) b
 ON a.bi_dim_date_id = b.id 
GROUP BY DATE(b.timestamp)
ORDER BY  DATE(b.timestamp)

 ]]>
        </SQL>
    </View>
      <Level name="energy_losses" uniqueMembers="false" column="energy_losses" type="Numeric">
      </Level>
    </Hierarchy>
  </Dimension>
  <Dimension name="energy_throyghput">
    <Hierarchy hasAll="true">
    <View alias="FACT">
        <SQL dialect="generic">
         <![CDATA[SELECT 
DATE(b.timestamp) AS "TIMESTAMP",
ROUND(AVG(availability_factor*100),2) AS "availability_factor",
ROUND(AVG(planned_outage_rate*100),2)  AS "planned_outage_rate",
ROUND(AVG(unplanned_outage_rate*100),2)  AS "unplanned_outage_rate",
ROUND(AVG(market_capture*100),2)  AS "market_capture",
ROUND(SUM(energy_cost)/4,2)  AS "energy_cost",
ROUND(SUM(gross_revenue)/4,2)  AS "gross_revenue",
ROUND(SUM(energy_losses)/4,2)  AS "energy_losses",
ROUND(AVG(energy_throughput),2)  AS "energy_throyghput",
ROUND(AVG(c_rate),2)  AS "c_rate"

FROM (SELECT * FROM bi_fact_fleet_kpis WHERE bi_dim_fleet_id = 300
AND bi_dim_date_id BETWEEN 
(SELECT id FROM bi_dim_date WHERE TIMESTAMP = DATE_SUB(DATE_FORMAT(
(SELECT TIMESTAMP FROM bi_dim_date WHERE id=
(SELECT MAX(bi_dim_date_id) FROM bi_fact_fleet_kpis WHERE bi_dim_fleet_id = 300 AND market_capture IS NOT NULL))
,'%Y-%m-01 00:00:00'), INTERVAL 1 MONTH))
AND
(SELECT MAX(bi_dim_date_id) FROM bi_fact_fleet_kpis WHERE bi_dim_fleet_id = 300 AND market_capture IS NOT NULL)) a
INNER JOIN 
(SELECT * FROM bi_dim_date WHERE 
TIMESTAMP BETWEEN DATE_SUB(DATE_FORMAT(
(SELECT TIMESTAMP FROM bi_dim_date WHERE id=
(SELECT MAX(bi_dim_date_id) FROM bi_fact_fleet_kpis WHERE bi_dim_fleet_id = 300 AND market_capture IS NOT NULL)),'%Y-%m-%d 00:00:00'), INTERVAL 1 MONTH)
 AND DATE_SUB(DATE_FORMAT(
(SELECT TIMESTAMP FROM bi_dim_date WHERE id=
(SELECT MAX(bi_dim_date_id) FROM bi_fact_fleet_kpis WHERE bi_dim_fleet_id = 300 AND market_capture IS NOT NULL)),'%Y-%m-%d 23:45:00'), INTERVAL 0 MONTH)) b
 ON a.bi_dim_date_id = b.id 
GROUP BY DATE(b.timestamp)
ORDER BY  DATE(b.timestamp)

 ]]>
        </SQL>
    </View>
      <Level name="energy_throyghput" uniqueMembers="false" column="energy_throyghput" type="Numeric">
      </Level>
    </Hierarchy>
  </Dimension>
  <Dimension name="gross_revenue">
    <Hierarchy hasAll="true">
    <View alias="FACT">
        <SQL dialect="generic">
         <![CDATA[SELECT 
DATE(b.timestamp) AS "TIMESTAMP",
ROUND(AVG(availability_factor*100),2) AS "availability_factor",
ROUND(AVG(planned_outage_rate*100),2)  AS "planned_outage_rate",
ROUND(AVG(unplanned_outage_rate*100),2)  AS "unplanned_outage_rate",
ROUND(AVG(market_capture*100),2)  AS "market_capture",
ROUND(SUM(energy_cost)/4,2)  AS "energy_cost",
ROUND(SUM(gross_revenue)/4,2)  AS "gross_revenue",
ROUND(SUM(energy_losses)/4,2)  AS "energy_losses",
ROUND(AVG(energy_throughput),2)  AS "energy_throyghput",
ROUND(AVG(c_rate),2)  AS "c_rate"

FROM (SELECT * FROM bi_fact_fleet_kpis WHERE bi_dim_fleet_id = 300
AND bi_dim_date_id BETWEEN 
(SELECT id FROM bi_dim_date WHERE TIMESTAMP = DATE_SUB(DATE_FORMAT(
(SELECT TIMESTAMP FROM bi_dim_date WHERE id=
(SELECT MAX(bi_dim_date_id) FROM bi_fact_fleet_kpis WHERE bi_dim_fleet_id = 300 AND market_capture IS NOT NULL))
,'%Y-%m-01 00:00:00'), INTERVAL 1 MONTH))
AND
(SELECT MAX(bi_dim_date_id) FROM bi_fact_fleet_kpis WHERE bi_dim_fleet_id = 300 AND market_capture IS NOT NULL)) a
INNER JOIN 
(SELECT * FROM bi_dim_date WHERE 
TIMESTAMP BETWEEN DATE_SUB(DATE_FORMAT(
(SELECT TIMESTAMP FROM bi_dim_date WHERE id=
(SELECT MAX(bi_dim_date_id) FROM bi_fact_fleet_kpis WHERE bi_dim_fleet_id = 300 AND market_capture IS NOT NULL)),'%Y-%m-%d 00:00:00'), INTERVAL 1 MONTH)
 AND DATE_SUB(DATE_FORMAT(
(SELECT TIMESTAMP FROM bi_dim_date WHERE id=
(SELECT MAX(bi_dim_date_id) FROM bi_fact_fleet_kpis WHERE bi_dim_fleet_id = 300 AND market_capture IS NOT NULL)),'%Y-%m-%d 23:45:00'), INTERVAL 0 MONTH)) b
 ON a.bi_dim_date_id = b.id 
GROUP BY DATE(b.timestamp)
ORDER BY  DATE(b.timestamp)

 ]]>
        </SQL>
    </View>
      <Level name="gross_revenue" uniqueMembers="false" column="gross_revenue" type="Numeric">
      </Level>
    </Hierarchy>
  </Dimension>
  <Dimension name="market_capture">
    <Hierarchy hasAll="true">
    <View alias="FACT">
        <SQL dialect="generic">
         <![CDATA[SELECT 
DATE(b.timestamp) AS "TIMESTAMP",
ROUND(AVG(availability_factor*100),2) AS "availability_factor",
ROUND(AVG(planned_outage_rate*100),2)  AS "planned_outage_rate",
ROUND(AVG(unplanned_outage_rate*100),2)  AS "unplanned_outage_rate",
ROUND(AVG(market_capture*100),2)  AS "market_capture",
ROUND(SUM(energy_cost)/4,2)  AS "energy_cost",
ROUND(SUM(gross_revenue)/4,2)  AS "gross_revenue",
ROUND(SUM(energy_losses)/4,2)  AS "energy_losses",
ROUND(AVG(energy_throughput),2)  AS "energy_throyghput",
ROUND(AVG(c_rate),2)  AS "c_rate"

FROM (SELECT * FROM bi_fact_fleet_kpis WHERE bi_dim_fleet_id = 300
AND bi_dim_date_id BETWEEN 
(SELECT id FROM bi_dim_date WHERE TIMESTAMP = DATE_SUB(DATE_FORMAT(
(SELECT TIMESTAMP FROM bi_dim_date WHERE id=
(SELECT MAX(bi_dim_date_id) FROM bi_fact_fleet_kpis WHERE bi_dim_fleet_id = 300 AND market_capture IS NOT NULL))
,'%Y-%m-01 00:00:00'), INTERVAL 1 MONTH))
AND
(SELECT MAX(bi_dim_date_id) FROM bi_fact_fleet_kpis WHERE bi_dim_fleet_id = 300 AND market_capture IS NOT NULL)) a
INNER JOIN 
(SELECT * FROM bi_dim_date WHERE 
TIMESTAMP BETWEEN DATE_SUB(DATE_FORMAT(
(SELECT TIMESTAMP FROM bi_dim_date WHERE id=
(SELECT MAX(bi_dim_date_id) FROM bi_fact_fleet_kpis WHERE bi_dim_fleet_id = 300 AND market_capture IS NOT NULL)),'%Y-%m-%d 00:00:00'), INTERVAL 1 MONTH)
 AND DATE_SUB(DATE_FORMAT(
(SELECT TIMESTAMP FROM bi_dim_date WHERE id=
(SELECT MAX(bi_dim_date_id) FROM bi_fact_fleet_kpis WHERE bi_dim_fleet_id = 300 AND market_capture IS NOT NULL)),'%Y-%m-%d 23:45:00'), INTERVAL 0 MONTH)) b
 ON a.bi_dim_date_id = b.id 
GROUP BY DATE(b.timestamp)
ORDER BY  DATE(b.timestamp)

 ]]>
        </SQL>
    </View>
      <Level name="market_capture" uniqueMembers="false" column="market_capture" type="Numeric">
      </Level>
    </Hierarchy>
  </Dimension>
  <Dimension name="planned_outage_rate">
    <Hierarchy hasAll="true">
    <View alias="FACT">
        <SQL dialect="generic">
         <![CDATA[SELECT 
DATE(b.timestamp) AS "TIMESTAMP",
ROUND(AVG(availability_factor*100),2) AS "availability_factor",
ROUND(AVG(planned_outage_rate*100),2)  AS "planned_outage_rate",
ROUND(AVG(unplanned_outage_rate*100),2)  AS "unplanned_outage_rate",
ROUND(AVG(market_capture*100),2)  AS "market_capture",
ROUND(SUM(energy_cost)/4,2)  AS "energy_cost",
ROUND(SUM(gross_revenue)/4,2)  AS "gross_revenue",
ROUND(SUM(energy_losses)/4,2)  AS "energy_losses",
ROUND(AVG(energy_throughput),2)  AS "energy_throyghput",
ROUND(AVG(c_rate),2)  AS "c_rate"

FROM (SELECT * FROM bi_fact_fleet_kpis WHERE bi_dim_fleet_id = 300
AND bi_dim_date_id BETWEEN 
(SELECT id FROM bi_dim_date WHERE TIMESTAMP = DATE_SUB(DATE_FORMAT(
(SELECT TIMESTAMP FROM bi_dim_date WHERE id=
(SELECT MAX(bi_dim_date_id) FROM bi_fact_fleet_kpis WHERE bi_dim_fleet_id = 300 AND market_capture IS NOT NULL))
,'%Y-%m-01 00:00:00'), INTERVAL 1 MONTH))
AND
(SELECT MAX(bi_dim_date_id) FROM bi_fact_fleet_kpis WHERE bi_dim_fleet_id = 300 AND market_capture IS NOT NULL)) a
INNER JOIN 
(SELECT * FROM bi_dim_date WHERE 
TIMESTAMP BETWEEN DATE_SUB(DATE_FORMAT(
(SELECT TIMESTAMP FROM bi_dim_date WHERE id=
(SELECT MAX(bi_dim_date_id) FROM bi_fact_fleet_kpis WHERE bi_dim_fleet_id = 300 AND market_capture IS NOT NULL)),'%Y-%m-%d 00:00:00'), INTERVAL 1 MONTH)
 AND DATE_SUB(DATE_FORMAT(
(SELECT TIMESTAMP FROM bi_dim_date WHERE id=
(SELECT MAX(bi_dim_date_id) FROM bi_fact_fleet_kpis WHERE bi_dim_fleet_id = 300 AND market_capture IS NOT NULL)),'%Y-%m-%d 23:45:00'), INTERVAL 0 MONTH)) b
 ON a.bi_dim_date_id = b.id 
GROUP BY DATE(b.timestamp)
ORDER BY  DATE(b.timestamp)

 ]]>
        </SQL>
    </View>
      <Level name="planned_outage_rate" uniqueMembers="false" column="planned_outage_rate" type="Numeric">
      </Level>
    </Hierarchy>
  </Dimension>
  <Dimension name="TIMESTAMP">
    <Hierarchy hasAll="true">
    <View alias="FACT">
        <SQL dialect="generic">
         <![CDATA[SELECT 
DATE(b.timestamp) AS "TIMESTAMP",
ROUND(AVG(availability_factor*100),2) AS "availability_factor",
ROUND(AVG(planned_outage_rate*100),2)  AS "planned_outage_rate",
ROUND(AVG(unplanned_outage_rate*100),2)  AS "unplanned_outage_rate",
ROUND(AVG(market_capture*100),2)  AS "market_capture",
ROUND(SUM(energy_cost)/4,2)  AS "energy_cost",
ROUND(SUM(gross_revenue)/4,2)  AS "gross_revenue",
ROUND(SUM(energy_losses)/4,2)  AS "energy_losses",
ROUND(AVG(energy_throughput),2)  AS "energy_throyghput",
ROUND(AVG(c_rate),2)  AS "c_rate"

FROM (SELECT * FROM bi_fact_fleet_kpis WHERE bi_dim_fleet_id = 300
AND bi_dim_date_id BETWEEN 
(SELECT id FROM bi_dim_date WHERE TIMESTAMP = DATE_SUB(DATE_FORMAT(
(SELECT TIMESTAMP FROM bi_dim_date WHERE id=
(SELECT MAX(bi_dim_date_id) FROM bi_fact_fleet_kpis WHERE bi_dim_fleet_id = 300 AND market_capture IS NOT NULL))
,'%Y-%m-01 00:00:00'), INTERVAL 1 MONTH))
AND
(SELECT MAX(bi_dim_date_id) FROM bi_fact_fleet_kpis WHERE bi_dim_fleet_id = 300 AND market_capture IS NOT NULL)) a
INNER JOIN 
(SELECT * FROM bi_dim_date WHERE 
TIMESTAMP BETWEEN DATE_SUB(DATE_FORMAT(
(SELECT TIMESTAMP FROM bi_dim_date WHERE id=
(SELECT MAX(bi_dim_date_id) FROM bi_fact_fleet_kpis WHERE bi_dim_fleet_id = 300 AND market_capture IS NOT NULL)),'%Y-%m-%d 00:00:00'), INTERVAL 1 MONTH)
 AND DATE_SUB(DATE_FORMAT(
(SELECT TIMESTAMP FROM bi_dim_date WHERE id=
(SELECT MAX(bi_dim_date_id) FROM bi_fact_fleet_kpis WHERE bi_dim_fleet_id = 300 AND market_capture IS NOT NULL)),'%Y-%m-%d 23:45:00'), INTERVAL 0 MONTH)) b
 ON a.bi_dim_date_id = b.id 
GROUP BY DATE(b.timestamp)
ORDER BY  DATE(b.timestamp)

 ]]>
        </SQL>
    </View>
      <Level name="TIMESTAMP" uniqueMembers="false" column="TIMESTAMP">
      </Level>
    </Hierarchy>
  </Dimension>
  <Dimension name="unplanned_outage_rate">
    <Hierarchy hasAll="true">
    <View alias="FACT">
        <SQL dialect="generic">
         <![CDATA[SELECT 
DATE(b.timestamp) AS "TIMESTAMP",
ROUND(AVG(availability_factor*100),2) AS "availability_factor",
ROUND(AVG(planned_outage_rate*100),2)  AS "planned_outage_rate",
ROUND(AVG(unplanned_outage_rate*100),2)  AS "unplanned_outage_rate",
ROUND(AVG(market_capture*100),2)  AS "market_capture",
ROUND(SUM(energy_cost)/4,2)  AS "energy_cost",
ROUND(SUM(gross_revenue)/4,2)  AS "gross_revenue",
ROUND(SUM(energy_losses)/4,2)  AS "energy_losses",
ROUND(AVG(energy_throughput),2)  AS "energy_throyghput",
ROUND(AVG(c_rate),2)  AS "c_rate"

FROM (SELECT * FROM bi_fact_fleet_kpis WHERE bi_dim_fleet_id = 300
AND bi_dim_date_id BETWEEN 
(SELECT id FROM bi_dim_date WHERE TIMESTAMP = DATE_SUB(DATE_FORMAT(
(SELECT TIMESTAMP FROM bi_dim_date WHERE id=
(SELECT MAX(bi_dim_date_id) FROM bi_fact_fleet_kpis WHERE bi_dim_fleet_id = 300 AND market_capture IS NOT NULL))
,'%Y-%m-01 00:00:00'), INTERVAL 1 MONTH))
AND
(SELECT MAX(bi_dim_date_id) FROM bi_fact_fleet_kpis WHERE bi_dim_fleet_id = 300 AND market_capture IS NOT NULL)) a
INNER JOIN 
(SELECT * FROM bi_dim_date WHERE 
TIMESTAMP BETWEEN DATE_SUB(DATE_FORMAT(
(SELECT TIMESTAMP FROM bi_dim_date WHERE id=
(SELECT MAX(bi_dim_date_id) FROM bi_fact_fleet_kpis WHERE bi_dim_fleet_id = 300 AND market_capture IS NOT NULL)),'%Y-%m-%d 00:00:00'), INTERVAL 1 MONTH)
 AND DATE_SUB(DATE_FORMAT(
(SELECT TIMESTAMP FROM bi_dim_date WHERE id=
(SELECT MAX(bi_dim_date_id) FROM bi_fact_fleet_kpis WHERE bi_dim_fleet_id = 300 AND market_capture IS NOT NULL)),'%Y-%m-%d 23:45:00'), INTERVAL 0 MONTH)) b
 ON a.bi_dim_date_id = b.id 
GROUP BY DATE(b.timestamp)
ORDER BY  DATE(b.timestamp)

 ]]>
        </SQL>
    </View>
      <Level name="unplanned_outage_rate" uniqueMembers="false" column="unplanned_outage_rate" type="Numeric">
      </Level>
    </Hierarchy>
  </Dimension>
  <Cube name="JhonsonCityGoogleDocAndScadaKPIReportQuery">
    <View alias="FACT">
        <SQL dialect="generic">
         <![CDATA[SELECT 
DATE(b.timestamp) AS "TIMESTAMP",
ROUND(AVG(availability_factor*100),2) AS "availability_factor",
ROUND(AVG(planned_outage_rate*100),2)  AS "planned_outage_rate",
ROUND(AVG(unplanned_outage_rate*100),2)  AS "unplanned_outage_rate",
ROUND(AVG(market_capture*100),2)  AS "market_capture",
ROUND(SUM(energy_cost)/4,2)  AS "energy_cost",
ROUND(SUM(gross_revenue)/4,2)  AS "gross_revenue",
ROUND(SUM(energy_losses)/4,2)  AS "energy_losses",
ROUND(AVG(energy_throughput),2)  AS "energy_throyghput",
ROUND(AVG(c_rate),2)  AS "c_rate"

FROM (SELECT * FROM bi_fact_fleet_kpis WHERE bi_dim_fleet_id = 300
AND bi_dim_date_id BETWEEN 
(SELECT id FROM bi_dim_date WHERE TIMESTAMP = DATE_SUB(DATE_FORMAT(
(SELECT TIMESTAMP FROM bi_dim_date WHERE id=
(SELECT MAX(bi_dim_date_id) FROM bi_fact_fleet_kpis WHERE bi_dim_fleet_id = 300 AND market_capture IS NOT NULL))
,'%Y-%m-01 00:00:00'), INTERVAL 1 MONTH))
AND
(SELECT MAX(bi_dim_date_id) FROM bi_fact_fleet_kpis WHERE bi_dim_fleet_id = 300 AND market_capture IS NOT NULL)) a
INNER JOIN 
(SELECT * FROM bi_dim_date WHERE 
TIMESTAMP BETWEEN DATE_SUB(DATE_FORMAT(
(SELECT TIMESTAMP FROM bi_dim_date WHERE id=
(SELECT MAX(bi_dim_date_id) FROM bi_fact_fleet_kpis WHERE bi_dim_fleet_id = 300 AND market_capture IS NOT NULL)),'%Y-%m-%d 00:00:00'), INTERVAL 1 MONTH)
 AND DATE_SUB(DATE_FORMAT(
(SELECT TIMESTAMP FROM bi_dim_date WHERE id=
(SELECT MAX(bi_dim_date_id) FROM bi_fact_fleet_kpis WHERE bi_dim_fleet_id = 300 AND market_capture IS NOT NULL)),'%Y-%m-%d 23:45:00'), INTERVAL 0 MONTH)) b
 ON a.bi_dim_date_id = b.id 
GROUP BY DATE(b.timestamp)
ORDER BY  DATE(b.timestamp)

 ]]>
        </SQL>
    </View>
    <DimensionUsage name="availability_factor" source="availability_factor"/>
    <DimensionUsage name="c_rate" source="c_rate"/>
    <DimensionUsage name="energy_cost" source="energy_cost"/>
    <DimensionUsage name="energy_losses" source="energy_losses"/>
    <DimensionUsage name="energy_throyghput" source="energy_throyghput"/>
    <DimensionUsage name="gross_revenue" source="gross_revenue"/>
    <DimensionUsage name="market_capture" source="market_capture"/>
    <DimensionUsage name="planned_outage_rate" source="planned_outage_rate"/>
    <DimensionUsage name="TIMESTAMP" source="TIMESTAMP"/>
    <DimensionUsage name="unplanned_outage_rate" source="unplanned_outage_rate"/>
    <Measure name="availability_factor" column="availability_factor" aggregator="sum" formatString="&#x23;"/>
    <Measure name="c_rate" column="c_rate" aggregator="sum" formatString="&#x23;"/>
    <Measure name="energy_cost" column="energy_cost" aggregator="sum" formatString="&#x23;"/>
    <Measure name="energy_losses" column="energy_losses" aggregator="sum" formatString="&#x23;"/>
    <Measure name="energy_throyghput" column="energy_throyghput" aggregator="sum" formatString="&#x23;"/>
    <Measure name="gross_revenue" column="gross_revenue" aggregator="sum" formatString="&#x23;"/>
    <Measure name="market_capture" column="market_capture" aggregator="sum" formatString="&#x23;"/>
    <Measure name="planned_outage_rate" column="planned_outage_rate" aggregator="sum" formatString="&#x23;"/>
    <Measure name="unplanned_outage_rate" column="unplanned_outage_rate" aggregator="sum" formatString="&#x23;"/>
  </Cube>
</Schema>