<Schema name="LosAndesGoogleDocAndScadaKPIReportQuery">
  <Dimension name="Available_Capacity">
    <Hierarchy hasAll="true">
    <View alias="FACT">
        <SQL dialect="generic">
         <![CDATA[SELECT DATE(b.timestamp) AS "TIMESTAMP",
ROUND(AVG(Available_Capacity*100),2) AS "Available_Capacity",
ROUND(AVG(disposition),2) AS "disposition",
ROUND(AVG(charge_crate),2) AS "charge_crate",
ROUND(AVG(discharge_crate),2) AS "discharge_crate",
ROUND(AVG(c_rate),2)  AS "c-rate",
ROUND(AVG(Output_Intensity),2) AS "Output_Intensity"

FROM (SELECT * FROM bi_fact_fleet_kpis WHERE bi_dim_fleet_id = 400

AND bi_dim_date_id BETWEEN 
(SELECT id FROM bi_dim_date WHERE TIMESTAMP = DATE_SUB(DATE_FORMAT(
(SELECT TIMESTAMP FROM bi_dim_date WHERE id=
(SELECT MAX(bi_dim_date_id) FROM bi_fact_fleet_kpis WHERE bi_dim_fleet_id = 400 AND Available_Capacity IS NOT NULL))
,'%Y-%m-01 00:00:00'), INTERVAL 1 MONTH))
AND
(SELECT MAX(bi_dim_date_id) FROM bi_fact_fleet_kpis WHERE bi_dim_fleet_id = 400 AND Available_Capacity IS NOT NULL)) a
INNER JOIN 
(SELECT * FROM bi_dim_date WHERE 
TIMESTAMP BETWEEN DATE_SUB(DATE_FORMAT(
(SELECT TIMESTAMP FROM bi_dim_date WHERE id=
(SELECT MAX(bi_dim_date_id) FROM bi_fact_fleet_kpis WHERE bi_dim_fleet_id = 400 AND Available_Capacity IS NOT NULL)),'%Y-%m-%d 00:00:00'), INTERVAL 1 MONTH )
 AND DATE_SUB(DATE_FORMAT(
(SELECT TIMESTAMP FROM bi_dim_date WHERE id=
(SELECT MAX(bi_dim_date_id) FROM bi_fact_fleet_kpis WHERE bi_dim_fleet_id = 400 AND Available_Capacity IS NOT NULL)),'%Y-%m-%d 23:45:00'), INTERVAL 0 MONTH)) b
 ON a.bi_dim_date_id = b.id 
GROUP BY DATE(b.timestamp)
ORDER BY  DATE(b.timestamp)  ]]>
        </SQL>
    </View>
      <Level name="Available_Capacity" uniqueMembers="false" column="Available_Capacity" type="Numeric">
      </Level>
    </Hierarchy>
  </Dimension>
  <Dimension name="c-rate">
    <Hierarchy hasAll="true">
    <View alias="FACT">
        <SQL dialect="generic">
         <![CDATA[SELECT DATE(b.timestamp) AS "TIMESTAMP",
ROUND(AVG(Available_Capacity*100),2) AS "Available_Capacity",
ROUND(AVG(disposition),2) AS "disposition",
ROUND(AVG(charge_crate),2) AS "charge_crate",
ROUND(AVG(discharge_crate),2) AS "discharge_crate",
ROUND(AVG(c_rate),2)  AS "c-rate",
ROUND(AVG(Output_Intensity),2) AS "Output_Intensity"

FROM (SELECT * FROM bi_fact_fleet_kpis WHERE bi_dim_fleet_id = 400

AND bi_dim_date_id BETWEEN 
(SELECT id FROM bi_dim_date WHERE TIMESTAMP = DATE_SUB(DATE_FORMAT(
(SELECT TIMESTAMP FROM bi_dim_date WHERE id=
(SELECT MAX(bi_dim_date_id) FROM bi_fact_fleet_kpis WHERE bi_dim_fleet_id = 400 AND Available_Capacity IS NOT NULL))
,'%Y-%m-01 00:00:00'), INTERVAL 1 MONTH))
AND
(SELECT MAX(bi_dim_date_id) FROM bi_fact_fleet_kpis WHERE bi_dim_fleet_id = 400 AND Available_Capacity IS NOT NULL)) a
INNER JOIN 
(SELECT * FROM bi_dim_date WHERE 
TIMESTAMP BETWEEN DATE_SUB(DATE_FORMAT(
(SELECT TIMESTAMP FROM bi_dim_date WHERE id=
(SELECT MAX(bi_dim_date_id) FROM bi_fact_fleet_kpis WHERE bi_dim_fleet_id = 400 AND Available_Capacity IS NOT NULL)),'%Y-%m-%d 00:00:00'), INTERVAL 1 MONTH )
 AND DATE_SUB(DATE_FORMAT(
(SELECT TIMESTAMP FROM bi_dim_date WHERE id=
(SELECT MAX(bi_dim_date_id) FROM bi_fact_fleet_kpis WHERE bi_dim_fleet_id = 400 AND Available_Capacity IS NOT NULL)),'%Y-%m-%d 23:45:00'), INTERVAL 0 MONTH)) b
 ON a.bi_dim_date_id = b.id 
GROUP BY DATE(b.timestamp)
ORDER BY  DATE(b.timestamp)  ]]>
        </SQL>
    </View>
      <Level name="c-rate" uniqueMembers="false" column="c-rate" type="Numeric">
      </Level>
    </Hierarchy>
  </Dimension>
  <Dimension name="charge_crate">
    <Hierarchy hasAll="true">
    <View alias="FACT">
        <SQL dialect="generic">
         <![CDATA[SELECT DATE(b.timestamp) AS "TIMESTAMP",
ROUND(AVG(Available_Capacity*100),2) AS "Available_Capacity",
ROUND(AVG(disposition),2) AS "disposition",
ROUND(AVG(charge_crate),2) AS "charge_crate",
ROUND(AVG(discharge_crate),2) AS "discharge_crate",
ROUND(AVG(c_rate),2)  AS "c-rate",
ROUND(AVG(Output_Intensity),2) AS "Output_Intensity"

FROM (SELECT * FROM bi_fact_fleet_kpis WHERE bi_dim_fleet_id = 400

AND bi_dim_date_id BETWEEN 
(SELECT id FROM bi_dim_date WHERE TIMESTAMP = DATE_SUB(DATE_FORMAT(
(SELECT TIMESTAMP FROM bi_dim_date WHERE id=
(SELECT MAX(bi_dim_date_id) FROM bi_fact_fleet_kpis WHERE bi_dim_fleet_id = 400 AND Available_Capacity IS NOT NULL))
,'%Y-%m-01 00:00:00'), INTERVAL 1 MONTH))
AND
(SELECT MAX(bi_dim_date_id) FROM bi_fact_fleet_kpis WHERE bi_dim_fleet_id = 400 AND Available_Capacity IS NOT NULL)) a
INNER JOIN 
(SELECT * FROM bi_dim_date WHERE 
TIMESTAMP BETWEEN DATE_SUB(DATE_FORMAT(
(SELECT TIMESTAMP FROM bi_dim_date WHERE id=
(SELECT MAX(bi_dim_date_id) FROM bi_fact_fleet_kpis WHERE bi_dim_fleet_id = 400 AND Available_Capacity IS NOT NULL)),'%Y-%m-%d 00:00:00'), INTERVAL 1 MONTH )
 AND DATE_SUB(DATE_FORMAT(
(SELECT TIMESTAMP FROM bi_dim_date WHERE id=
(SELECT MAX(bi_dim_date_id) FROM bi_fact_fleet_kpis WHERE bi_dim_fleet_id = 400 AND Available_Capacity IS NOT NULL)),'%Y-%m-%d 23:45:00'), INTERVAL 0 MONTH)) b
 ON a.bi_dim_date_id = b.id 
GROUP BY DATE(b.timestamp)
ORDER BY  DATE(b.timestamp)  ]]>
        </SQL>
    </View>
      <Level name="charge_crate" uniqueMembers="false" column="charge_crate" type="Numeric">
      </Level>
    </Hierarchy>
  </Dimension>
  <Dimension name="discharge_crate">
    <Hierarchy hasAll="true">
    <View alias="FACT">
        <SQL dialect="generic">
         <![CDATA[SELECT DATE(b.timestamp) AS "TIMESTAMP",
ROUND(AVG(Available_Capacity*100),2) AS "Available_Capacity",
ROUND(AVG(disposition),2) AS "disposition",
ROUND(AVG(charge_crate),2) AS "charge_crate",
ROUND(AVG(discharge_crate),2) AS "discharge_crate",
ROUND(AVG(c_rate),2)  AS "c-rate",
ROUND(AVG(Output_Intensity),2) AS "Output_Intensity"

FROM (SELECT * FROM bi_fact_fleet_kpis WHERE bi_dim_fleet_id = 400

AND bi_dim_date_id BETWEEN 
(SELECT id FROM bi_dim_date WHERE TIMESTAMP = DATE_SUB(DATE_FORMAT(
(SELECT TIMESTAMP FROM bi_dim_date WHERE id=
(SELECT MAX(bi_dim_date_id) FROM bi_fact_fleet_kpis WHERE bi_dim_fleet_id = 400 AND Available_Capacity IS NOT NULL))
,'%Y-%m-01 00:00:00'), INTERVAL 1 MONTH))
AND
(SELECT MAX(bi_dim_date_id) FROM bi_fact_fleet_kpis WHERE bi_dim_fleet_id = 400 AND Available_Capacity IS NOT NULL)) a
INNER JOIN 
(SELECT * FROM bi_dim_date WHERE 
TIMESTAMP BETWEEN DATE_SUB(DATE_FORMAT(
(SELECT TIMESTAMP FROM bi_dim_date WHERE id=
(SELECT MAX(bi_dim_date_id) FROM bi_fact_fleet_kpis WHERE bi_dim_fleet_id = 400 AND Available_Capacity IS NOT NULL)),'%Y-%m-%d 00:00:00'), INTERVAL 1 MONTH )
 AND DATE_SUB(DATE_FORMAT(
(SELECT TIMESTAMP FROM bi_dim_date WHERE id=
(SELECT MAX(bi_dim_date_id) FROM bi_fact_fleet_kpis WHERE bi_dim_fleet_id = 400 AND Available_Capacity IS NOT NULL)),'%Y-%m-%d 23:45:00'), INTERVAL 0 MONTH)) b
 ON a.bi_dim_date_id = b.id 
GROUP BY DATE(b.timestamp)
ORDER BY  DATE(b.timestamp)  ]]>
        </SQL>
    </View>
      <Level name="discharge_crate" uniqueMembers="false" column="discharge_crate" type="Numeric">
      </Level>
    </Hierarchy>
  </Dimension>
  <Dimension name="disposition">
    <Hierarchy hasAll="true">
    <View alias="FACT">
        <SQL dialect="generic">
         <![CDATA[SELECT DATE(b.timestamp) AS "TIMESTAMP",
ROUND(AVG(Available_Capacity*100),2) AS "Available_Capacity",
ROUND(AVG(disposition),2) AS "disposition",
ROUND(AVG(charge_crate),2) AS "charge_crate",
ROUND(AVG(discharge_crate),2) AS "discharge_crate",
ROUND(AVG(c_rate),2)  AS "c-rate",
ROUND(AVG(Output_Intensity),2) AS "Output_Intensity"

FROM (SELECT * FROM bi_fact_fleet_kpis WHERE bi_dim_fleet_id = 400

AND bi_dim_date_id BETWEEN 
(SELECT id FROM bi_dim_date WHERE TIMESTAMP = DATE_SUB(DATE_FORMAT(
(SELECT TIMESTAMP FROM bi_dim_date WHERE id=
(SELECT MAX(bi_dim_date_id) FROM bi_fact_fleet_kpis WHERE bi_dim_fleet_id = 400 AND Available_Capacity IS NOT NULL))
,'%Y-%m-01 00:00:00'), INTERVAL 1 MONTH))
AND
(SELECT MAX(bi_dim_date_id) FROM bi_fact_fleet_kpis WHERE bi_dim_fleet_id = 400 AND Available_Capacity IS NOT NULL)) a
INNER JOIN 
(SELECT * FROM bi_dim_date WHERE 
TIMESTAMP BETWEEN DATE_SUB(DATE_FORMAT(
(SELECT TIMESTAMP FROM bi_dim_date WHERE id=
(SELECT MAX(bi_dim_date_id) FROM bi_fact_fleet_kpis WHERE bi_dim_fleet_id = 400 AND Available_Capacity IS NOT NULL)),'%Y-%m-%d 00:00:00'), INTERVAL 1 MONTH )
 AND DATE_SUB(DATE_FORMAT(
(SELECT TIMESTAMP FROM bi_dim_date WHERE id=
(SELECT MAX(bi_dim_date_id) FROM bi_fact_fleet_kpis WHERE bi_dim_fleet_id = 400 AND Available_Capacity IS NOT NULL)),'%Y-%m-%d 23:45:00'), INTERVAL 0 MONTH)) b
 ON a.bi_dim_date_id = b.id 
GROUP BY DATE(b.timestamp)
ORDER BY  DATE(b.timestamp)  ]]>
        </SQL>
    </View>
      <Level name="disposition" uniqueMembers="false" column="disposition" type="Numeric">
      </Level>
    </Hierarchy>
  </Dimension>
  <Dimension name="Output_Intensity">
    <Hierarchy hasAll="true">
    <View alias="FACT">
        <SQL dialect="generic">
         <![CDATA[SELECT DATE(b.timestamp) AS "TIMESTAMP",
ROUND(AVG(Available_Capacity*100),2) AS "Available_Capacity",
ROUND(AVG(disposition),2) AS "disposition",
ROUND(AVG(charge_crate),2) AS "charge_crate",
ROUND(AVG(discharge_crate),2) AS "discharge_crate",
ROUND(AVG(c_rate),2)  AS "c-rate",
ROUND(AVG(Output_Intensity),2) AS "Output_Intensity"

FROM (SELECT * FROM bi_fact_fleet_kpis WHERE bi_dim_fleet_id = 400

AND bi_dim_date_id BETWEEN 
(SELECT id FROM bi_dim_date WHERE TIMESTAMP = DATE_SUB(DATE_FORMAT(
(SELECT TIMESTAMP FROM bi_dim_date WHERE id=
(SELECT MAX(bi_dim_date_id) FROM bi_fact_fleet_kpis WHERE bi_dim_fleet_id = 400 AND Available_Capacity IS NOT NULL))
,'%Y-%m-01 00:00:00'), INTERVAL 1 MONTH))
AND
(SELECT MAX(bi_dim_date_id) FROM bi_fact_fleet_kpis WHERE bi_dim_fleet_id = 400 AND Available_Capacity IS NOT NULL)) a
INNER JOIN 
(SELECT * FROM bi_dim_date WHERE 
TIMESTAMP BETWEEN DATE_SUB(DATE_FORMAT(
(SELECT TIMESTAMP FROM bi_dim_date WHERE id=
(SELECT MAX(bi_dim_date_id) FROM bi_fact_fleet_kpis WHERE bi_dim_fleet_id = 400 AND Available_Capacity IS NOT NULL)),'%Y-%m-%d 00:00:00'), INTERVAL 1 MONTH )
 AND DATE_SUB(DATE_FORMAT(
(SELECT TIMESTAMP FROM bi_dim_date WHERE id=
(SELECT MAX(bi_dim_date_id) FROM bi_fact_fleet_kpis WHERE bi_dim_fleet_id = 400 AND Available_Capacity IS NOT NULL)),'%Y-%m-%d 23:45:00'), INTERVAL 0 MONTH)) b
 ON a.bi_dim_date_id = b.id 
GROUP BY DATE(b.timestamp)
ORDER BY  DATE(b.timestamp)  ]]>
        </SQL>
    </View>
      <Level name="Output_Intensity" uniqueMembers="false" column="Output_Intensity" type="Numeric">
      </Level>
    </Hierarchy>
  </Dimension>
  <Dimension name="TIMESTAMP">
    <Hierarchy hasAll="true">
    <View alias="FACT">
        <SQL dialect="generic">
         <![CDATA[SELECT DATE(b.timestamp) AS "TIMESTAMP",
ROUND(AVG(Available_Capacity*100),2) AS "Available_Capacity",
ROUND(AVG(disposition),2) AS "disposition",
ROUND(AVG(charge_crate),2) AS "charge_crate",
ROUND(AVG(discharge_crate),2) AS "discharge_crate",
ROUND(AVG(c_rate),2)  AS "c-rate",
ROUND(AVG(Output_Intensity),2) AS "Output_Intensity"

FROM (SELECT * FROM bi_fact_fleet_kpis WHERE bi_dim_fleet_id = 400

AND bi_dim_date_id BETWEEN 
(SELECT id FROM bi_dim_date WHERE TIMESTAMP = DATE_SUB(DATE_FORMAT(
(SELECT TIMESTAMP FROM bi_dim_date WHERE id=
(SELECT MAX(bi_dim_date_id) FROM bi_fact_fleet_kpis WHERE bi_dim_fleet_id = 400 AND Available_Capacity IS NOT NULL))
,'%Y-%m-01 00:00:00'), INTERVAL 1 MONTH))
AND
(SELECT MAX(bi_dim_date_id) FROM bi_fact_fleet_kpis WHERE bi_dim_fleet_id = 400 AND Available_Capacity IS NOT NULL)) a
INNER JOIN 
(SELECT * FROM bi_dim_date WHERE 
TIMESTAMP BETWEEN DATE_SUB(DATE_FORMAT(
(SELECT TIMESTAMP FROM bi_dim_date WHERE id=
(SELECT MAX(bi_dim_date_id) FROM bi_fact_fleet_kpis WHERE bi_dim_fleet_id = 400 AND Available_Capacity IS NOT NULL)),'%Y-%m-%d 00:00:00'), INTERVAL 1 MONTH )
 AND DATE_SUB(DATE_FORMAT(
(SELECT TIMESTAMP FROM bi_dim_date WHERE id=
(SELECT MAX(bi_dim_date_id) FROM bi_fact_fleet_kpis WHERE bi_dim_fleet_id = 400 AND Available_Capacity IS NOT NULL)),'%Y-%m-%d 23:45:00'), INTERVAL 0 MONTH)) b
 ON a.bi_dim_date_id = b.id 
GROUP BY DATE(b.timestamp)
ORDER BY  DATE(b.timestamp)  ]]>
        </SQL>
    </View>
      <Level name="TIMESTAMP" uniqueMembers="false" column="TIMESTAMP">
      </Level>
    </Hierarchy>
  </Dimension>
  <Cube name="LosAndesGoogleDocAndScadaKPIReportQuery">
    <View alias="FACT">
        <SQL dialect="generic">
         <![CDATA[SELECT DATE(b.timestamp) AS "TIMESTAMP",
ROUND(AVG(Available_Capacity*100),2) AS "Available_Capacity",
ROUND(AVG(disposition),2) AS "disposition",
ROUND(AVG(charge_crate),2) AS "charge_crate",
ROUND(AVG(discharge_crate),2) AS "discharge_crate",
ROUND(AVG(c_rate),2)  AS "c-rate",
ROUND(AVG(Output_Intensity),2) AS "Output_Intensity"

FROM (SELECT * FROM bi_fact_fleet_kpis WHERE bi_dim_fleet_id = 400

AND bi_dim_date_id BETWEEN 
(SELECT id FROM bi_dim_date WHERE TIMESTAMP = DATE_SUB(DATE_FORMAT(
(SELECT TIMESTAMP FROM bi_dim_date WHERE id=
(SELECT MAX(bi_dim_date_id) FROM bi_fact_fleet_kpis WHERE bi_dim_fleet_id = 400 AND Available_Capacity IS NOT NULL))
,'%Y-%m-01 00:00:00'), INTERVAL 1 MONTH))
AND
(SELECT MAX(bi_dim_date_id) FROM bi_fact_fleet_kpis WHERE bi_dim_fleet_id = 400 AND Available_Capacity IS NOT NULL)) a
INNER JOIN 
(SELECT * FROM bi_dim_date WHERE 
TIMESTAMP BETWEEN DATE_SUB(DATE_FORMAT(
(SELECT TIMESTAMP FROM bi_dim_date WHERE id=
(SELECT MAX(bi_dim_date_id) FROM bi_fact_fleet_kpis WHERE bi_dim_fleet_id = 400 AND Available_Capacity IS NOT NULL)),'%Y-%m-%d 00:00:00'), INTERVAL 1 MONTH )
 AND DATE_SUB(DATE_FORMAT(
(SELECT TIMESTAMP FROM bi_dim_date WHERE id=
(SELECT MAX(bi_dim_date_id) FROM bi_fact_fleet_kpis WHERE bi_dim_fleet_id = 400 AND Available_Capacity IS NOT NULL)),'%Y-%m-%d 23:45:00'), INTERVAL 0 MONTH)) b
 ON a.bi_dim_date_id = b.id 
GROUP BY DATE(b.timestamp)
ORDER BY  DATE(b.timestamp)  ]]>
        </SQL>
    </View>
    <DimensionUsage name="Available_Capacity" source="Available_Capacity"/>
    <DimensionUsage name="c-rate" source="c-rate"/>
    <DimensionUsage name="charge_crate" source="charge_crate"/>
    <DimensionUsage name="discharge_crate" source="discharge_crate"/>
    <DimensionUsage name="disposition" source="disposition"/>
    <DimensionUsage name="Output_Intensity" source="Output_Intensity"/>
    <DimensionUsage name="TIMESTAMP" source="TIMESTAMP"/>
    <Measure name="Available_Capacity" column="Available_Capacity" aggregator="sum" formatString="&#x23;"/>
    <Measure name="Output_Intensity" column="Output_Intensity" aggregator="sum" formatString="&#x23;"/>
    <Measure name="c-rate" column="c-rate" aggregator="sum" formatString="&#x23;"/>
    <Measure name="charge_crate" column="charge_crate" aggregator="sum" formatString="&#x23;"/>
    <Measure name="discharge_crate" column="discharge_crate" aggregator="sum" formatString="&#x23;"/>
    <Measure name="disposition" column="disposition" aggregator="sum" formatString="&#x23;"/>
  </Cube>
</Schema>