<Schema name="DiskSpaceStatus">
  <Dimension name="available_space">
    <Hierarchy hasAll="true">
    <View alias="FACT">
        <SQL dialect="generic">
         <![CDATA[select * from disk_space_status]]>
        </SQL>
    </View>
      <Level name="available_space" uniqueMembers="false" column="available_space" type="String">
      </Level>
    </Hierarchy>
  </Dimension>
  <Dimension name="count">
    <Hierarchy hasAll="true">
    <View alias="FACT">
        <SQL dialect="generic">
         <![CDATA[select * from disk_space_status]]>
        </SQL>
    </View>
      <Level name="count" uniqueMembers="false" column="count" type="Numeric">
      </Level>
    </Hierarchy>
  </Dimension>
  <Dimension name="filesystem">
    <Hierarchy hasAll="true">
    <View alias="FACT">
        <SQL dialect="generic">
         <![CDATA[select * from disk_space_status]]>
        </SQL>
    </View>
      <Level name="filesystem" uniqueMembers="false" column="filesystem" type="String">
      </Level>
    </Hierarchy>
  </Dimension>
  <Dimension name="server">
    <Hierarchy hasAll="true">
    <View alias="FACT">
        <SQL dialect="generic">
         <![CDATA[select * from disk_space_status]]>
        </SQL>
    </View>
      <Level name="server" uniqueMembers="false" column="server" type="String">
      </Level>
    </Hierarchy>
  </Dimension>
  <Dimension name="total_space">
    <Hierarchy hasAll="true">
    <View alias="FACT">
        <SQL dialect="generic">
         <![CDATA[select * from disk_space_status]]>
        </SQL>
    </View>
      <Level name="total_space" uniqueMembers="false" column="total_space" type="String">
      </Level>
    </Hierarchy>
  </Dimension>
  <Dimension name="used_space">
    <Hierarchy hasAll="true">
    <View alias="FACT">
        <SQL dialect="generic">
         <![CDATA[select * from disk_space_status]]>
        </SQL>
    </View>
      <Level name="used_space" uniqueMembers="false" column="used_space" type="String">
      </Level>
    </Hierarchy>
  </Dimension>
  <Cube name="DiskSpaceStatus">
    <View alias="FACT">
        <SQL dialect="generic">
         <![CDATA[select * from disk_space_status]]>
        </SQL>
    </View>
    <DimensionUsage name="available_space" source="available_space"/>
    <DimensionUsage name="count" source="count"/>
    <DimensionUsage name="filesystem" source="filesystem"/>
    <DimensionUsage name="server" source="server"/>
    <DimensionUsage name="total_space" source="total_space"/>
    <DimensionUsage name="used_space" source="used_space"/>
    <Measure name="count" column="count" aggregator="sum" formatString="&#x23;"/>
  </Cube>
</Schema>